iter	Logloss
0	0.6789954861
5	0.6362328125
10	0.6142872396
15	0.5996472656
20	0.5897727431
25	0.582916059
30	0.5768140625
35	0.5721493056
40	0.5678105035
45	0.5639600694
50	0.5611582465
55	0.5585939236
60	0.5563684462
65	0.5541176649
70	0.5523436198
75	0.5501953993
80	0.5485881076
85	0.5472419705
90	0.5459330295
95	0.5447584201
99	0.5437764323
